Feature,Mean |SHAP|,Security Context
feature_637,0.64131,No annotation yet — review feature documentation
feature_2359,0.57736,No annotation yet — review feature documentation
feature_691,0.44602,No annotation yet — review feature documentation
feature_930,0.26047,No annotation yet — review feature documentation
feature_655,0.24191,No annotation yet — review feature documentation
feature_626,0.22405,No annotation yet — review feature documentation
feature_2355,0.21885,No annotation yet — review feature documentation
feature_615,0.17633,No annotation yet — review feature documentation
feature_2364,0.17603,No annotation yet — review feature documentation
feature_683,0.17237,No annotation yet — review feature documentation
feature_620,0.1716,No annotation yet — review feature documentation
feature_786,0.12404,No annotation yet — review feature documentation
feature_2354,0.12301,No annotation yet — review feature documentation
feature_32,0.12196,No annotation yet — review feature documentation
feature_784,0.11955,No annotation yet — review feature documentation
feature_1060,0.10251,No annotation yet — review feature documentation
feature_685,0.10068,No annotation yet — review feature documentation
feature_692,0.09961,No annotation yet — review feature documentation
feature_513,0.09817,No annotation yet — review feature documentation
feature_589,0.09601,No annotation yet — review feature documentation
